path,description_image
creamy-cold-drink-sits-on-a-wooden-table.jpg,Creamy Cold Drink Sits On A Wooden Table
cozy-reading-in-bed.jpg,Cozy Reading In Bed
women-holds-a-mug-and-looks-to-the-left.jpg,Women Holds A Mug And Looks To The Left
barista-pour-over-coffee-from-copper-kettle.jpg,Barista Pour Over Coffee From Copper Kettle
person-in-athletic-wear-with-a-mug-with-both-hands.jpg,Person In Athletic Wear With A Mug With Both Hands
laptop-from-above.jpg,Laptop From Above
hand-about-to-pour-stove-top-coffee.jpg,Hand About To Pour Stove Top Coffee
woman-in-collared-shirt-in-the-kitchen-holding-a-mug.jpg,Woman In Collared Shirt In The Kitchen Holding A Mug
black-kettle-and-pour-over-coffee.jpg,Black Kettle And Pour Over Coffee
smiling-man-holds-cup-of-tea.jpg,Smiling Man Holds Cup Of Tea
wooden-table-with-a-scale-and-pour-over-coffee.jpg,Wooden Table With A Scale And Pour Over Coffee
breakfast-from-above.jpg,Breakfast From Above
graphic-designer-at-work.jpg,Graphic Designer At Work
holding-coffee-in-bed.jpg,Holding Coffee In Bed
woman-enjoying-coffee-and-book-in-the-kitchen.jpg,Woman Enjoying Coffee And Book In The Kitchen
coffee-and-cake.jpg,Coffee And Cake
milk-swirling-as-poured-in-coffee.jpg,Milk Swirling As Poured In Coffee
lenses-lattes.jpg,Lenses & Lattes
woman-in-summer-sunglasses-and-fashion.jpg,Woman In Summer Sunglasses And Fashion
bare-stony-room-with-two-wooden-benches-and-coffee-tables.jpg,Bare Stony Room With Two Wooden Benches And Coffee Tables
couple-hug-as-they-pour-a-cup-of-coffee.jpg,Couple Hug As They Pour A Cup Of Coffee
long-espresso-sits-on-a-wooden-stool.jpg,Long Espresso Sits On A Wooden Stool
coffee-s-ready.jpg,Coffee's Ready!
cafe-cup-on-wood-table.jpg,Cafe Cup On Wood Table
enjoying-a-coffee-on-a-sunny-patio.jpg,Enjoying A Coffee On A Sunny Patio
a-man-and-a-woman-are-framed-against-a-sunny-window.jpg,A Man And A Woman Are Framed Against A Sunny Window
pour-over-coffee-with-two-rustic-cups.jpg,Pour Over Coffee With Two Rustic Cups
espresso-machine-with-dark-wood-handles.jpg,Espresso Machine With Dark Wood Handles
iced-latte-at-coffee-shop-window.jpg,Iced Latte At Coffee Shop Window
skincare-treatment-and-a-nice-coffee.jpg,Skincare Treatment And A Nice Coffee
a-close-up-of-a-woman-holding-a-coffee-cup.jpg,A Close Up Of A Woman Holding A Coffee Cup
bird-image-in-latte-art.jpg,Bird Image In Latte Art
person-hold-a-cup-of-coffee-over-wooden-table.jpg,Person Hold A Cup Of Coffee Over Wooden Table
morning-love-greeting.jpg,Morning Love Greeting
macbook-air-on-desk.jpg,Macbook Air On Desk
tablet-coffee.jpg,Tablet & Coffee
smiling-man-woman-pug.jpg,Smiling Man Woman Pug
coffee-beans-from-above.jpg,Coffee Beans From Above
berries-granola.jpg,Berries & Granola
couple-on-coffee-date.jpg,Couple On Coffee Date
man-working-in-modern-office.jpg,Man Working In Modern Office
laptop-coffee.jpg,Laptop Coffee
designer-at-work.jpg,Designer at Work
business-cat-in-office.jpg,Business Cat In Office
restaurant-breakfast.jpg,Restaurant Breakfast
planning-design-being-creative.jpg,Planning Design & Being Creative
hotel-breakfast-room-service.jpg,Hotel Breakfast Room Service
laptop-on-desk-from-above.jpg,Laptop On Desk From Above
croissant-coffee.jpg,Croissant Coffee
coffee-date-couple.jpg,Coffee Date Couple
